year,type,region,AveragePrice,Total Volume,4046,4225,4770
2015,conventional,Albany,1.171923076923077,76208.73423076923,1037.8746153846157,61764.25365384615,668.7950000000001
2015,conventional,Atlanta,1.0523076923076924,440346.4440384616,347741.8403846153,35386.637307692305,757.858076923077
2015,conventional,BaltimoreWashington,1.168076923076923,768141.4892307692,56546.03076923077,487421.3653846154,45104.81942307692
2015,conventional,Boise,1.0540384615384617,70885.75288461539,45940.4425,10164.187115384617,5309.087692307692
2015,conventional,Boston,1.1440384615384616,523780.6121153846,4685.945192307692,409901.28269230766,1607.198846153846
2015,conventional,BuffaloRochester,1.4034615384615383,110427.34134615384,1531.4792307692308,50202.76480769231,677.1371153846153
2015,conventional,California,1.0203846153846154,5681497.563653846,2746985.949423077,2033881.734807692,201237.835
2015,conventional,Charlotte,1.1484615384615384,178671.76346153844,34065.78096153846,50369.83730769231,41124.95634615385
2015,conventional,Chicago,1.153653846153846,775415.5417307692,34668.502499999995,543123.0925,109427.37846153844
2015,conventional,CincinnatiDayton,0.9771153846153846,213698.5698076923,4480.089038461539,143178.83038461537,9176.879423076924
2015,conventional,Columbus,1.008076923076923,145869.60057692308,70389.53384615385,33184.775,17870.39769230769
2015,conventional,DallasFtWorth,0.7819230769230769,1148088.7059615385,674659.4180769231,341507.52980769234,20411.09365384616
2015,conventional,Denver,1.0486538461538462,717389.5984615384,135626.49846153846,409785.0244230769,14312.87
2015,conventional,Detroit,1.047115384615385,337210.81865384616,125488.1621153846,61882.52403846154,77304.45057692307
2015,conventional,GrandRapids,1.0869230769230769,185731.8551923077,3608.1569230769232,115874.2676923077,11553.361923076922
2015,conventional,GreatLakes,1.0776923076923075,3178390.630192308,478490.4086538461,1727553.8267307691,332361.6080769231
2015,conventional,HarrisburgScranton,1.1457692307692309,220872.86384615384,35387.56769230769,119536.64365384614,680.4517307692307
2015,conventional,HartfordSpringfield,1.2428846153846154,288086.60807692306,4437.028076923077,222261.0323076923,1376.1790384615383
2015,conventional,Houston,0.7925,1054307.7798076922,526302.2438461538,387517.70192307694,19568.161346153847
2015,conventional,Indianapolis,1.1046153846153846,155434.91211538462,6664.792307692308,95728.0548076923,11279.357307692308
2015,conventional,Jacksonville,1.1209615384615383,135912.63307692308,89046.79711538462,13963.968269230769,761.5980769230769
2015,conventional,LasVegas,0.9671153846153846,291546.81153846154,123645.46423076924,113407.42865384616,6289.257884615384
2015,conventional,LosAngeles,0.8959615384615385,2805917.5280769235,1718248.8109615385,615257.5344230769,73707.97423076924
2015,conventional,Louisville,1.0432692307692308,80714.39192307692,2705.2023076923074,51772.973269230766,3220.488076923077
2015,conventional,MiamiFtLauderdale,1.1411538461538462,482173.7009615385,337204.8357692308,55137.2273076923,350.26576923076925
2015,conventional,Midsouth,1.119615384615385,2628945.391923077,586551.9313461538,1226647.0896153846,204543.47480769228
2015,conventional,Nashville,1.0101923076923076,160843.09557692308,103413.68423076924,14937.177692307692,9873.16826923077
2015,conventional,NewOrleansMobile,0.9844230769230768,241051.92038461537,155808.92615384614,14188.883076923075,2378.008269230769
2015,conventional,NewYork,1.255,1340732.7696153843,20419.677115384613,1028871.2246153846,2059.1703846153846
2015,conventional,Northeast,1.2148076923076925,3855715.145192308,101126.00403846154,2823004.2228846154,14576.35
2015,conventional,NorthernNewEngland,1.113076923076923,378529.1826923077,2936.3240384615387,307858.69596153847,2068.8025
2015,conventional,Orlando,1.1325,280052.0944230769,183152.09423076923,34102.84884615384,163.3673076923077
2015,conventional,Philadelphia,1.2846153846153845,397110.3875,16601.95942307692,271797.07442307693,1042.5523076923075
2015,conventional,PhoenixTucson,0.6598076923076923,1088698.6373076923,774405.7075,214330.74346153848,8291.529038461538
2015,conventional,Pittsburgh,1.2626923076923076,85559.32711538461,1717.8648076923075,53741.99057692308,1873.2113461538463
2015,conventional,Plains,1.0773076923076923,1653211.940576923,860210.9600000001,487148.6638461538,17466.473461538462
2015,conventional,Portland,1.0540384615384617,504267.4138461538,154116.98403846152,226835.7319230769,17326.22173076923
2015,conventional,RaleighGreensboro,1.1405769230769232,240461.51096153847,56703.07826923077,69908.71769230769,44477.16576923077
2015,conventional,RichmondNorfolk,1.0476923076923077,218355.00038461536,71374.78807692308,90740.30423076924,11620.7875
2015,conventional,Roanoke,1.0621153846153848,122531.64096153846,50222.61480769231,42892.980769230766,180.02903846153848
2015,conventional,Sacramento,1.170576923076923,413009.565,122522.13538461538,231000.49865384612,12877.475
2015,conventional,SanDiego,0.981346153846154,500275.66230769234,259739.9811538461,170087.3898076923,16391.478653846156
2015,conventional,SanFrancisco,1.299423076923077,735962.0053846154,162570.27173076925,468819.3755769231,28056.543461538466
2015,conventional,Seattle,1.134423076923077,522917.9073076923,162477.98596153845,226111.62384615385,11405.754423076924
2015,conventional,SouthCarolina,1.0655769230769232,308520.17884615384,167639.26230769232,55555.04423076923,16226.054038461538
2015,conventional,SouthCentral,0.8121153846153846,5524125.746538461,3103017.5773076927,1644007.1653846153,106459.6548076923
2015,conventional,Southeast,1.084230769230769,3047529.162692308,2024005.0536538465,358198.14019230765,33878.093846153846
2015,conventional,Spokane,1.0953846153846154,77056.76211538461,29801.257307692307,30988.260961538464,3090.660576923077
2015,conventional,StLouis,1.2032692307692308,186478.12942307693,93692.4803846154,36505.46115384616,60.323653846153846
2015,conventional,Syracuse,1.336346153846154,51195.63846153847,895.7561538461539,29868.94480769231,360.12788461538463
2015,conventional,Tampa,1.0867307692307693,327512.0513461539,195773.68711538464,43567.79865384616,151.5194230769231
2015,conventional,TotalUS,1.0125,31224729.1525,12351841.655576924,12438698.992692309,1024978.26
2015,conventional,West,0.94,5655313.570384616,2451453.7703846158,2138258.149038461,114454.77153846154
2015,conventional,WestTexNewMexico,0.7715384615384615,789495.1369230768,511069.2990384615,157876.58403846153,16716.246153846154
2015,organic,Albany,1.905576923076923,1289.2740384615386,32.065576923076925,155.48865384615385,0.0
2015,organic,Atlanta,1.708846153846154,6416.981346153847,1870.6226923076924,3372.027115384616,0.0
2015,organic,BaltimoreWashington,1.5696153846153846,13504.271153846154,4882.591923076923,4451.213461538462,772.1498076923077
2015,organic,Boise,1.6934615384615386,1890.349807692308,11.805384615384614,1388.128269230769,0.2496153846153846
2015,organic,Boston,1.8030769230769228,4199.996346153846,38.54134615384616,996.33,6.794807692307692
2015,organic,BuffaloRochester,1.685769230769231,2904.093269230769,28.880192307692308,134.68769230769232,0.0
2015,organic,California,1.6113461538461538,114799.22692307692,51000.17903846154,50456.19846153846,1.8925
2015,organic,Charlotte,2.003076923076923,3777.1484615384616,283.8851923076923,1421.2415384615383,1121.7132692307691
2015,organic,Chicago,1.654423076923077,22559.77615384616,796.3328846153846,21130.311923076923,0.0
2015,organic,CincinnatiDayton,1.4275,12381.737884615384,292.74884615384616,10460.266153846153,0.0
2015,organic,Columbus,1.5396153846153846,5087.7478846153845,452.2973076923077,3235.8953846153845,0.4424999999999999
2015,organic,DallasFtWorth,1.3738461538461535,11744.152307692308,7787.952115384615,557.8776923076923,0.7109615384615384
2015,organic,Denver,1.3269230769230769,36270.85192307692,12291.36096153846,8389.103269230769,44.2575
2015,organic,Detroit,1.629423076923077,8550.3225,912.7257692307692,5792.819807692308,0.0
2015,organic,GrandRapids,1.7457692307692307,1593.9746153846152,431.2548076923077,810.5282692307693,0.0
2015,organic,GreatLakes,1.5748076923076924,79070.43038461538,5617.377115384616,58488.38711538461,11.002884615384614
2015,organic,HarrisburgScranton,1.7975,2932.9998076923075,82.12038461538462,191.05807692307687,9.043076923076924
2015,organic,HartfordSpringfield,2.252692307692308,3494.9878846153847,178.6853846153846,2732.6751923076927,54.59134615384615
2015,organic,Houston,1.3036538461538465,10835.900384615385,8490.411153846155,347.1234615384615,0.0
2015,organic,Indianapolis,1.581346153846154,2047.05,142.325,1080.2017307692308,0.0
2015,organic,Jacksonville,1.885192307692308,2096.533846153846,1281.195,52.41557692307693,21.86076923076923
2015,organic,LasVegas,1.770576923076923,7346.047307692308,3381.575384615385,3417.751538461538,0.0
2015,organic,LosAngeles,1.4090384615384617,44480.413846153846,19404.760384615387,14210.398846153848,0.9409615384615384
2015,organic,Louisville,1.5455769230769232,1766.4382692307695,15.687307692307693,1113.097115384615,0.0
2015,organic,MiamiFtLauderdale,1.6259615384615385,1797.681346153846,742.9719230769231,25.377692307692307,0.0
2015,organic,Midsouth,1.583076923076923,67629.92423076923,7078.38923076923,34488.07538461538,4276.760192307693
2015,organic,Nashville,1.544230769230769,5732.215,374.1638461538462,3806.145384615385,28.395192307692305
2015,organic,NewOrleansMobile,1.5509615384615385,2492.463076923077,352.02634615384613,61.3525,0.0
2015,organic,NewYork,2.034038461538461,17106.3825,2718.545384615384,10214.29153846154,478.87038461538464
2015,organic,Northeast,1.872692307692308,55419.19480769231,4438.810961538462,18654.2425,569.3373076923077
2015,organic,NorthernNewEngland,1.833653846153846,7905.94,16.704615384615384,584.4571153846153,0.0
2015,organic,Orlando,1.8661538461538465,3016.6765384615383,1755.24,51.42576923076923,0.0
2015,organic,Philadelphia,1.8257692307692308,4663.073846153846,398.9038461538461,1673.492115384615,45.38384615384616
2015,organic,PhoenixTucson,1.654423076923077,10845.31423076923,8319.89173076923,1450.5548076923078,0.0
2015,organic,Pittsburgh,1.5517307692307691,1748.3573076923078,617.8078846153846,113.7153846153846,0.0
2015,organic,Plains,1.7984615384615383,32149.419615384617,4389.068846153846,16194.1775,184.00384615384613
2015,organic,Portland,1.5596153846153844,33106.7275,7585.752692307693,18474.817692307694,7.255576923076924
2015,organic,RaleighGreensboro,1.758269230769231,6025.6869230769225,110.3,2961.764615384616,889.3611538461538
2015,organic,RichmondNorfolk,1.5013461538461537,5704.20576923077,150.8403846153846,3205.0978846153844,421.8957692307692
2015,organic,Roanoke,1.3921153846153846,7830.13923076923,112.88096153846156,5341.566346153846,0.0
2015,organic,Sacramento,1.7374999999999998,9693.08653846154,4105.973846153846,5284.104807692308,0.0
2015,organic,SanDiego,1.5671153846153845,10988.299615384614,4776.269615384616,5302.084615384616,0.2669230769230769
2015,organic,SanFrancisco,1.942692307692308,22611.10576923077,10726.20096153846,11813.206346153846,0.0
2015,organic,Seattle,1.71,35872.46673076923,7063.131153846154,22315.60730769231,54.49269230769231
2015,organic,SouthCarolina,1.8438461538461537,3900.3338461538474,582.8586538461539,1468.0875,514.7621153846154
2015,organic,SouthCentral,1.411923076923077,61539.5225,33567.29057692308,5896.909807692307,17.495192307692307
2015,organic,Southeast,1.7451923076923077,31224.85769230769,10549.747692307692,8208.419615384615,777.7603846153846
2015,organic,Spokane,1.7053846153846155,3360.298846153846,682.5438461538462,2323.9307692307693,0.9313461538461538
2015,organic,StLouis,1.8034615384615384,3956.009807692308,1580.5255769230769,1508.7715384615385,14.078076923076924
2015,organic,Syracuse,1.7217307692307693,1387.6934615384614,3.0275000000000003,95.73134615384616,0.0
2015,organic,Tampa,1.6265384615384617,1941.7534615384616,715.2136538461539,11.031346153846156,0.0
2015,organic,TotalUS,1.5023076923076923,645563.5671153846,184847.69173076923,276464.16846153844,5971.94673076923
2015,organic,West,1.535576923076923,203731.0378846154,68206.90557692308,84077.84673076923,133.76057692307694
2015,organic,WestTexNewMexico,1.7566666666666668,9220.607647058823,2966.4633333333336,3725.457254901961,3.903921568627451
2016,conventional,Albany,1.3457692307692308,99453.155,5397.8103846153845,79392.8375,64.60057692307693
2016,conventional,Atlanta,0.9728846153846156,533746.3355769231,259526.90615384607,86958.73384615385,427.9721153846154
2016,conventional,BaltimoreWashington,1.3565384615384617,768130.3023076922,68553.2975,482497.6878846154,26148.87846153846
2016,conventional,Boise,0.8782692307692308,86871.98615384616,35076.3475,4532.934615384615,4776.692692307692
2016,conventional,Boston,1.2630769230769232,576179.1092307692,11421.821153846153,416239.32615384617,26150.554423076923
2016,conventional,BuffaloRochester,1.3301923076923077,134358.8580769231,1634.2409615384615,67074.36115384616,186.53384615384616
2016,conventional,California,1.0461538461538462,6105539.3261538455,2062205.3573076923,2025280.3953846155,235223.14153846152
2016,conventional,Charlotte,1.2559615384615386,197015.4244230769,41480.059038461535,75405.44557692307,23058.325
2016,conventional,Chicago,1.331153846153846,730420.4707692307,52986.32096153846,458529.07961538463,120239.01980769233
2016,conventional,CincinnatiDayton,0.948846153846154,252982.69,3887.070192307692,129241.42634615384,8255.143653846153
2016,conventional,Columbus,1.0492307692307692,166115.46288461538,72753.78807692308,33759.19211538461,11717.09653846154
2016,conventional,DallasFtWorth,0.8273076923076924,1199954.2109615384,608312.1498076923,255865.07596153844,49863.30980769231
2016,conventional,Denver,0.9586538461538462,832931.0851923077,141952.46076923076,257469.99653846156,19495.83846153846
2016,conventional,Detroit,1.0921153846153846,346709.5475,113365.66653846156,59826.712692307694,52917.910192307696
2016,conventional,GrandRapids,1.2940384615384617,173896.22923076924,2189.6582692307693,109771.99576923078,9069.40653846154
2016,conventional,GreatLakes,1.141923076923077,3295252.700192308,487653.5698076923,1577047.6859615385,291160.9578846154
2016,conventional,HarrisburgScranton,1.2325000000000002,245322.02538461535,42453.01807692308,124115.50942307692,264.17019230769233
2016,conventional,HartfordSpringfield,1.4090384615384617,294509.7842307692,7623.209807692308,220582.74403846156,541.4221153846154
2016,conventional,Houston,0.8307692307692308,1104936.8507692309,556374.9101923077,263013.7461538461,71422.87115384615
2016,conventional,Indianapolis,1.1180769230769232,172593.97461538462,12585.718846153846,86516.18826923077,11261.9
2016,conventional,Jacksonville,1.0598076923076922,183281.97826923075,83347.73211538463,31866.461923076924,352.1913461538461
2016,conventional,LasVegas,0.9567307692307692,314816.76384615386,123612.0775,77043.40576923077,8236.328076923077
2016,conventional,LosAngeles,0.8901923076923077,3043292.732692308,1059848.3601923075,657017.6009615385,80770.00192307691
2016,conventional,Louisville,1.0567307692307693,94968.68730769232,2160.8215384615387,55381.651538461534,2985.6984615384617
2016,conventional,MiamiFtLauderdale,1.1571153846153843,609211.9773076923,307493.1511538461,130650.33807692309,275.5286538461538
2016,conventional,Midsouth,1.1859615384615383,2866148.508846154,634606.0015384615,1324474.2257692306,114354.45653846154
2016,conventional,Nashville,0.9844230769230768,191606.5626923077,97479.1446153846,23912.24673076923,2287.375576923077
2016,conventional,NewOrleansMobile,1.0242307692307693,278144.79615384614,153127.26807692306,35594.43769230769,568.6784615384615
2016,conventional,NewYork,1.3859615384615382,1340990.3105769232,25623.370384615384,918566.6828846154,12231.891346153843
2016,conventional,Northeast,1.3194230769230768,4104208.704423077,179189.2426923077,2734474.7523076925,78143.41442307692
2016,conventional,NorthernNewEngland,1.2265384615384616,415320.93365384615,31254.70192307692,293511.4196153846,18702.209807692307
2016,conventional,Orlando,1.1094230769230768,363831.4821153846,170931.2928846154,74054.51,182.05634615384616
2016,conventional,Philadelphia,1.376923076923077,415124.3636538461,18645.445961538466,245547.5540384616,6442.6857692307685
2016,conventional,PhoenixTucson,0.7242307692307693,1128640.9451923077,653993.2582692307,237357.87173076923,17078.348846153847
2016,conventional,Pittsburgh,1.238269230769231,101452.95403846154,10116.548269230769,51915.54653846154,1419.1530769230772
2016,conventional,Plains,1.1276923076923078,1784317.443076923,793738.1598076924,528469.9863461538,15001.4725
2016,conventional,Portland,0.9165384615384616,685098.2096153846,113324.4625,184159.49884615385,17051.683653846154
2016,conventional,RaleighGreensboro,1.1982692307692309,270898.9903846154,66169.08134615385,104926.25096153846,22960.207884615385
2016,conventional,RichmondNorfolk,1.0753846153846154,240632.91403846152,77906.04903846154,93563.97173076923,7183.988653846154
2016,conventional,Roanoke,1.0432692307692308,139572.23423076922,44281.07480769231,45185.54538461538,150.73
2016,conventional,Sacramento,1.2428846153846154,437268.6398076923,136908.01442307694,232254.7407692308,13565.107692307693
2016,conventional,SanDiego,0.9690384615384616,548847.8049999999,171121.90288461538,163600.40403846154,20005.35019230769
2016,conventional,SanFrancisco,1.4084615384615384,774840.8332692308,200851.1136538461,459091.1144230769,34008.55134615384
2016,conventional,Seattle,1.0271153846153849,674912.3263461539,94822.78192307692,189756.93788461536,6134.546730769231
2016,conventional,SouthCarolina,1.085,350796.1396153846,158917.39576923076,83319.29576923077,9139.317692307694
2016,conventional,SouthCentral,0.8582692307692308,5730807.4425,3006442.9928846154,1204043.0196153848,270235.44923076924
2016,conventional,Southeast,1.071153846153846,3752283.7775,1793101.9498076923,742671.1501923078,14797.00076923077
2016,conventional,Spokane,1.0275,93247.41442307692,21485.950384615386,23043.86711538461,1983.454230769231
2016,conventional,StLouis,0.9936538461538462,196924.28,63284.13326923077,17348.17923076923,114.89807692307691
2016,conventional,Syracuse,1.3721153846153844,63851.101346153846,1561.9971153846154,39674.17942307692,87.29711538461538
2016,conventional,Tampa,1.0982692307692308,412223.5628846154,177545.74173076922,95599.86673076924,97.14846153846156
2016,conventional,TotalUS,1.0467307692307692,34043449.78826923,11192540.051346151,11702325.972884616,1153793.4946153846
2016,conventional,West,0.9157692307692308,6404891.887499999,2235602.7767307693,1565864.7565384617,134877.60115384616
2016,conventional,WestTexNewMexico,0.8465384615384616,824285.7701923077,486857.6228846154,102633.68346153846,25739.539423076923
2016,organic,Albany,1.7221153846153845,1784.0678846153846,37.934230769230766,222.8880769230769,0.0
2016,organic,Atlanta,1.4553846153846153,11001.324038461538,1916.576923076923,4057.151730769231,0.0
2016,organic,BaltimoreWashington,1.818653846153846,18288.97307692308,896.7059615384616,8791.3925,381.7105769230769
2016,organic,Boise,1.405576923076923,2618.581730769231,7.573846153846153,935.9865384615384,0.0
2016,organic,Boston,1.5892307692307692,11730.795961538464,16.917884615384615,767.8463461538462,0.0469230769230769
2016,organic,BuffaloRochester,1.6375000000000002,4200.988269230769,21.35942307692308,268.1442307692308,0.0
2016,organic,California,1.613653846153846,167314.19134615382,19795.10653846154,82262.03653846154,17.487692307692306
2016,organic,Charlotte,1.7398076923076924,6575.364038461538,302.96826923076924,2998.768653846154,728.9094230769231
2016,organic,Chicago,1.7634615384615384,31360.991153846157,258.2978846153846,29299.90692307692,0.0
2016,organic,CincinnatiDayton,1.2278846153846157,16649.35576923077,444.4919230769231,8293.63673076923,0.0
2016,organic,Columbus,1.3234615384615382,8105.047307692308,571.6340384615385,3584.9284615384613,5.217307692307693
2016,organic,DallasFtWorth,1.165,24954.44057692308,8949.905384615386,541.495,0.0273076923076923
2016,organic,Denver,1.227692307692308,38372.03115384616,13112.45673076923,4537.640961538461,44.90557692307693
2016,organic,Detroit,1.2526923076923078,16895.423653846156,978.6875,7462.631346153847,0.0
2016,organic,GrandRapids,1.7246153846153844,2005.151346153846,419.76461538461535,1128.1225,0.0
2016,organic,GreatLakes,1.4121153846153849,122824.79730769232,5371.105192307693,69323.94711538461,20.34
2016,organic,HarrisburgScranton,1.790769230769231,7078.435192307692,210.11615384615385,211.88384615384612,68.75346153846154
2016,organic,HartfordSpringfield,2.293076923076923,7373.86576923077,129.18769230769232,3564.820192307692,5.343846153846154
2016,organic,Houston,1.153076923076923,24001.349807692302,10350.635,57.33115384615384,0.1421153846153846
2016,organic,Indianapolis,1.485,3645.51576923077,248.8367307692308,1456.0946153846153,0.9884615384615384
2016,organic,Jacksonville,1.675576923076923,3484.100769230769,1585.0465384615384,106.93134615384616,12.78403846153846
2016,organic,LasVegas,1.748076923076923,10318.112307692309,2579.758076923077,4651.521346153846,0.0
2016,organic,LosAngeles,1.2773076923076925,94059.2446153846,11978.763846153846,27772.48423076923,10.719807692307691
2016,organic,Louisville,1.366346153846154,2653.02,7.993076923076923,1394.7498076923075,0.0
2016,organic,MiamiFtLauderdale,1.4025,3962.262884615385,694.9669230769231,24.55442307692308,0.0
2016,organic,Midsouth,1.515769230769231,100399.52173076922,3232.836923076923,44771.63192307692,2604.808461538462
2016,organic,Nashville,1.2478846153846157,10300.646923076923,645.7773076923077,4544.737307692308,0.0
2016,organic,NewOrleansMobile,1.473076923076923,3400.7053846153844,449.1440384615385,6.390961538461538,0.0
2016,organic,NewYork,2.1380769230769228,34905.134423076925,4651.712115384616,14877.317307692309,1409.6728846153846
2016,organic,Northeast,1.871923076923077,106004.48461538462,6883.253653846154,25455.477692307693,1280.3690384615386
2016,organic,NorthernNewEngland,1.558846153846154,10483.066346153846,4.870576923076923,237.27884615384616,0.0
2016,organic,Orlando,1.6321153846153846,5683.648653846153,2241.345961538462,123.12557692307692,0.0
2016,organic,Philadelphia,1.972692307692308,10031.336730769232,891.8832692307692,3462.919423076923,13.24423076923077
2016,organic,PhoenixTucson,1.7932692307692308,11429.963076923075,4988.927307692307,3685.962115384616,0.0
2016,organic,Pittsburgh,1.4484615384615382,4627.773653846154,558.0315384615385,162.37442307692305,5.2463461538461535
2016,organic,Plains,1.6273076923076923,47252.44173076924,4583.0432692307695,18608.397307692307,2985.0930769230768
2016,organic,Portland,1.4667307692307692,32430.865,3277.923846153846,12473.971346153849,5.735769230769231
2016,organic,RaleighGreensboro,1.6973076923076924,9252.053653846153,218.22019230769232,3889.475769230769,523.1957692307692
2016,organic,RichmondNorfolk,1.3469230769230771,8175.272884615385,198.86211538461535,3523.0,289.80826923076927
2016,organic,Roanoke,1.251730769230769,8251.160576923077,105.74673076923077,3484.8203846153847,0.0
2016,organic,Sacramento,2.0934615384615385,7405.021346153846,1549.36,5483.859230769231,0.8692307692307693
2016,organic,SanDiego,1.6584615384615384,15345.480961538462,1679.2173076923077,8840.082884615385,2.7075
2016,organic,SanFrancisco,2.3540384615384613,23805.855961538466,2081.316923076923,19761.28096153846,0.6065384615384615
2016,organic,Seattle,1.5734615384615387,40249.56634615384,1450.9451923076922,18759.637115384616,40.440384615384616
2016,organic,SouthCarolina,1.525,8874.206538461538,727.2601923076923,2700.663461538461,363.44942307692304
2016,organic,SouthCentral,1.195576923076923,117244.4726923077,37838.02057692308,6510.3336538461535,318.89711538461535
2016,organic,Southeast,1.5026923076923078,57744.63884615384,12640.08846153846,11621.84826923077,522.4813461538462
2016,organic,Spokane,1.6396153846153847,3025.0190384615385,198.22346153846155,1479.426923076923,5.652692307692307
2016,organic,StLouis,1.3773076923076923,7777.173846153846,1777.9611538461538,1092.358653846154,5.145576923076923
2016,organic,Syracuse,1.6348076923076924,2098.2975,4.149615384615385,132.10057692307691,0.0
2016,organic,Tampa,1.4307692307692308,4713.924807692308,965.2657692307693,61.39096153846154,0.0
2016,organic,TotalUS,1.4803846153846154,940379.880576923,133357.6976923077,329166.5134615385,8264.59096153846
2016,organic,West,1.4459615384615383,221595.3242307692,43014.24461538462,70612.84211538461,515.1126923076923
2016,organic,WestTexNewMexico,1.646730769230769,18164.8375,2859.2194230769232,6583.377115384616,955.2971153846156
2017,conventional,Albany,1.5264150943396229,95778.54320754718,3088.60320754717,79187.72622641509,302.9464150943396
2017,conventional,Atlanta,1.1924528301886792,527794.8424528302,261017.12735849057,55706.29113207547,451.4333962264152
2017,conventional,BaltimoreWashington,1.5147169811320755,741746.0886792453,72593.52094339623,464360.7973584906,7202.87283018868
2017,conventional,Boise,1.2681132075471695,87060.04433962263,37848.16396226415,3708.874150943396,8128.358301886792
2017,conventional,Boston,1.4952830188679245,555159.4526415095,11666.729056603774,427985.5083018869,3810.4526415094338
2017,conventional,BuffaloRochester,1.4433962264150944,138687.2483018868,5159.604716981132,68226.93150943397,57.42943396226415
2017,conventional,California,1.2530188679245282,5834478.806226416,2140058.2966037737,1923898.586981132,145478.86641509435
2017,conventional,Charlotte,1.4239622641509433,215336.24584905655,52264.840754716985,80385.79660377358,7406.316037735849
2017,conventional,Chicago,1.6062264150943395,735266.5364150943,90946.00698113209,433730.6326415095,118823.5379245283
2017,conventional,CincinnatiDayton,1.1320754716981132,268324.6258490566,7553.74641509434,90183.1979245283,1991.7928301886795
2017,conventional,Columbus,1.1628301886792454,182798.58132075472,78674.50660377358,25977.800943396225,1823.2175471698115
2017,conventional,DallasFtWorth,0.9379245283018868,1225799.928301887,636686.0,245865.40905660376,9362.201320754715
2017,conventional,Denver,1.21811320754717,768050.1133962264,148103.85433962266,229187.5952830189,14576.233962264152
2017,conventional,Detroit,1.248490566037736,367394.6358490566,94787.93528301889,62550.30962264152,26802.21490566037
2017,conventional,GrandRapids,1.5749056603773586,160047.4996226415,2067.4409433962264,80250.63867924528,28926.7
2017,conventional,GreatLakes,1.3313207547169812,3404260.0445283023,606330.9581132076,1305349.1273584906,246229.0816981132
2017,conventional,HarrisburgScranton,1.4083018867924528,234225.11754716985,46420.34339622642,119570.06433962264,327.4345283018868
2017,conventional,HartfordSpringfield,1.5747169811320754,274171.2424528302,9744.218679245285,203524.19433962263,1199.1281132075471
2017,conventional,Houston,0.8756603773584904,1270002.8486792454,620429.8896226415,220683.9583018868,12251.108490566035
2017,conventional,Indianapolis,1.2467924528301886,181435.89301886797,12614.629245283018,77504.27679245283,2152.215849056604
2017,conventional,Jacksonville,1.3964150943396227,170046.97867924528,91346.20169811322,17686.140188679245,151.67905660377355
2017,conventional,LasVegas,1.1033962264150945,318161.9435849057,105776.65641509434,65299.31830188679,6379.216415094339
2017,conventional,LosAngeles,1.129622641509434,2896801.906981132,1163373.052641509,492861.78433962265,87347.26433962263
2017,conventional,Louisville,1.2266037735849058,95172.90641509434,3141.217924528302,42260.724905660376,241.847358490566
2017,conventional,MiamiFtLauderdale,1.4650943396226417,577847.2632075471,356848.0628301887,82944.2837735849,899.4545283018867
2017,conventional,Midsouth,1.3254716981132075,2990676.694716981,664836.0824528302,1251140.776226415,32191.33301886792
2017,conventional,Nashville,1.0556603773584907,235830.31301886792,115024.33905660376,19595.985471698117,134.5890566037736
2017,conventional,NewOrleansMobile,1.2579245283018867,265952.5354716981,156556.19999999998,28420.00754716981,508.138679245283
2017,conventional,NewYork,1.5732075471698113,1325136.3426415094,58557.93471698113,830059.006226415,16247.411320754718
2017,conventional,Northeast,1.5052830188679245,4016741.461698113,256702.521509434,2630241.0111320755,33089.87320754717
2017,conventional,NorthernNewEngland,1.429622641509434,409903.63415094337,11778.052075471698,323766.2549056604,3953.6613207547166
2017,conventional,Orlando,1.401320754716981,348822.57283018867,207177.70471698116,42769.64547169811,270.0064150943396
2017,conventional,Philadelphia,1.5473584905660378,397767.0788679245,33962.66886792453,224338.29622641508,3826.941886792453
2017,conventional,PhoenixTucson,0.8096226415094339,1141057.77754717,581034.2999999999,223578.401509434,12555.04150943396
2017,conventional,Pittsburgh,1.2709433962264152,120105.66679245284,49591.31113207548,28979.522641509437,1803.4049056603772
2017,conventional,Plains,1.3015094339622642,1829306.1901886791,841932.4866037735,462465.4194339623,9557.32679245283
2017,conventional,Portland,1.1515094339622642,662828.8766037736,143046.49320754717,161431.99415094338,16324.775849056605
2017,conventional,RaleighGreensboro,1.3477358490566036,291512.76943396224,79758.18943396227,104146.64698113209,6933.6737735849065
2017,conventional,RichmondNorfolk,1.2433962264150944,245734.7641509434,69847.18528301886,89143.47660377358,2357.793962264151
2017,conventional,Roanoke,1.2024528301886792,144048.30735849057,36054.6179245283,42319.00509433962,122.41245283018868
2017,conventional,Sacramento,1.4326415094339624,430899.2622641509,141355.77452830187,237508.98471698115,3129.7615094339626
2017,conventional,SanDiego,1.217735849056604,498188.3056603774,171110.9996226415,161129.80584905663,18928.22283018868
2017,conventional,SanFrancisco,1.528679245283019,770285.4660377359,201798.8916981132,473719.158490566,7371.853018867925
2017,conventional,Seattle,1.308867924528302,614463.9777358491,117640.11037735848,172773.7683018868,1632.3788679245283
2017,conventional,SouthCarolina,1.2854716981132075,364693.9294339623,165469.4962264151,76080.16849056604,2642.885283018868
2017,conventional,SouthCentral,0.9509433962264152,6005998.949245283,3159375.986792453,1101467.2643396226,45523.49622641509
2017,conventional,Southeast,1.3341509433962262,3634713.5294339615,1992960.3233962264,500907.3341509434,6537.04
2017,conventional,Spokane,1.211509433962264,93432.4796226415,20427.842641509436,28128.11981132076,181.2275471698113
2017,conventional,StLouis,1.3573584905660376,162485.53358490564,74351.59603773584,12630.908679245284,202.8564150943396
2017,conventional,Syracuse,1.480188679245283,66619.47622641509,2312.7335849056603,41274.93018867924,72.61377358490566
2017,conventional,Tampa,1.4139622641509433,382659.5605660378,226876.22735849055,54999.92113207547,222.0198113207547
2017,conventional,TotalUS,1.221698113207547,33995658.13603774,11877266.878679246,10580230.701886794,631113.780754717
2017,conventional,West,1.0983018867924528,6279482.458679246,2215070.260377358,1404761.163773585,112506.8003773585
2017,conventional,WestTexNewMexico,0.9035849056603774,876801.0924528302,492842.1081132076,105091.66150943396,11036.5220754717
2017,organic,Albany,1.7492452830188678,2930.5469811320754,128.41905660377358,237.13867924528304,0.0
2017,organic,Atlanta,1.6650943396226414,15886.666603773583,867.9394339622642,5503.506981132075,0.0
2017,organic,BaltimoreWashington,1.8441509433962264,32133.80679245283,1390.3730188679249,8829.27037735849,179.80320754716982
2017,organic,Boise,1.7171698113207547,2761.8671698113208,40.6611320754717,577.018679245283,0.0
2017,organic,Boston,1.8637735849056605,22400.399433962262,33.95169811320755,1412.0588679245282,1.0458490566037737
2017,organic,BuffaloRochester,1.732075471698113,7356.256415094339,90.3356603773585,358.68698113207546,0.0
2017,organic,California,1.814716981132076,158814.17886792455,28797.935471698114,60015.86509433963,5.070754716981132
2017,organic,Charlotte,2.1156603773584903,9108.856037735848,126.10830188679245,4629.600377358491,352.31018867924524
2017,organic,Chicago,1.8233962264150945,37955.2437735849,192.7533962264151,31588.83037735849,0.0
2017,organic,CincinnatiDayton,1.5067924528301886,17461.74962264151,274.42603773584904,4952.564528301887,0.0
2017,organic,Columbus,1.468490566037736,10412.98037735849,607.8701886792453,2424.252264150943,0.0216981132075471
2017,organic,DallasFtWorth,1.4160377358490566,24029.9341509434,7041.456226415095,1009.3688679245284,0.0
2017,organic,Denver,1.4973584905660378,34951.34169811321,10497.096226415091,1890.6424528301889,59.01132075471698
2017,organic,Detroit,1.429622641509434,19632.23566037736,570.2471698113208,4181.933018867925,0.0267924528301886
2017,organic,GrandRapids,1.680566037735849,5130.94679245283,35.16132075471698,1489.278679245283,0.0
2017,organic,GreatLakes,1.517924528301887,168454.41396226414,3820.522264150943,62297.47245283019,1.8639622641509432
2017,organic,HarrisburgScranton,1.7832075471698114,13780.882075471698,452.6181132075472,323.41566037735845,35.65811320754717
2017,organic,HartfordSpringfield,2.20188679245283,14934.493773584907,187.0871698113208,5922.258867924529,7.492641509433962
2017,organic,Houston,1.332452830188679,33640.41339622642,9396.691509433962,111.88169811320752,0.0375471698113207
2017,organic,Indianapolis,1.4147169811320754,7266.014528301887,163.72452830188678,1399.7609433962264,0.0
2017,organic,Jacksonville,1.9466037735849056,3411.278113207547,521.4824528301887,561.6745283018868,4.607169811320754
2017,organic,LasVegas,1.7322641509433965,10778.29566037736,1596.263396226415,2802.85320754717,0.2981132075471698
2017,organic,LosAngeles,1.6250943396226414,93408.92773584904,11334.314339622642,26457.10641509434,1.7386792452830189
2017,organic,Louisville,1.4875471698113207,4074.441509433962,2.679056603773585,1210.1250943396226,0.0
2017,organic,MiamiFtLauderdale,1.81,4798.605283018867,377.8666037735849,290.8081132075472,0.0
2017,organic,Midsouth,1.7156603773584906,132975.2133962264,3516.896226415094,43199.5141509434,1263.0967924528302
2017,organic,Nashville,1.4243396226415093,8295.061132075472,210.30509433962263,2576.499245283019,0.0
2017,organic,NewOrleansMobile,1.580188679245283,4358.8209433962265,215.79698113207547,109.55056603773583,0.0
2017,organic,NewYork,2.0466037735849056,87140.51226415095,11314.55358490566,36319.53075471698,519.6788679245283
2017,organic,Northeast,1.882830188679245,221886.86301886797,17468.535094339622,52387.520377358494,497.2839622641509
2017,organic,NorthernNewEngland,1.7247169811320755,17649.02962264151,23.57509433962264,266.02830188679246,0.0
2017,organic,Orlando,1.9590566037735848,6109.540943396226,896.5600000000001,908.2743396226416,0.0
2017,organic,Philadelphia,1.8671698113207549,22445.088113207545,2924.715283018868,6349.535094339622,9.093207547169811
2017,organic,PhoenixTucson,1.7354716981132077,13103.246226415094,3473.290188679245,3285.1783018867927,0.0658490566037735
2017,organic,Pittsburgh,1.4549056603773585,9113.741886792452,889.5137735849057,20.556415094339624,0.0641509433962264
2017,organic,Plains,1.7194339622641508,62769.8741509434,3180.818867924528,19681.666981132075,790.6645283018868
2017,organic,Portland,1.7171698113207547,33387.23490566038,3322.8390566037738,4901.665660377358,13.880377358490566
2017,organic,RaleighGreensboro,2.189622641509434,10914.547547169812,198.9881132075472,4855.8,248.7773584905661
2017,organic,RichmondNorfolk,1.5550943396226415,11754.366981132074,563.4692452830188,3551.8403773584905,134.71056603773584
2017,organic,Roanoke,1.5141509433962264,8510.40603773585,265.72811320754715,2289.933773584906,0.0
2017,organic,Sacramento,2.115471698113208,6693.734716981132,2123.611320754717,3158.688679245283,0.4822641509433962
2017,organic,SanDiego,1.951320754716981,14911.54924528302,1292.252641509434,8978.688113207547,0.5562264150943397
2017,organic,SanFrancisco,2.4032075471698118,19742.890377358493,8650.538679245283,8584.83641509434,1.2632075471698114
2017,organic,Seattle,1.889811320754717,46433.48905660377,1199.330188679245,14290.300566037737,19.97415094339623
2017,organic,SouthCarolina,1.6741509433962265,12079.030943396228,348.9443396226415,3917.445094339623,144.84264150943395
2017,organic,SouthCentral,1.3747169811320754,134050.40490566037,32398.19226415094,5950.9583018867925,1.0018867924528303
2017,organic,Southeast,1.690188679245283,77310.09056603773,5379.704528301887,18031.21679245283,205.6190566037736
2017,organic,Spokane,1.9975471698113207,3766.1675471698113,217.9822641509434,1299.018679245283,4.694339622641509
2017,organic,StLouis,1.82622641509434,7101.683396226415,856.0783018867925,1399.0049056603773,2.637169811320755
2017,organic,Syracuse,1.6986792452830188,3795.203396226415,28.328490566037736,135.45037735849056,0.0
2017,organic,Tampa,1.824716981132076,5078.875283018868,532.2398113207547,390.9824528301887,0.0
2017,organic,TotalUS,1.6515094339622642,1187239.286226415,129849.51735849056,307211.86207547167,2962.7916981132075
2017,organic,West,1.681698113207547,230978.22245283017,35286.911132075475,45647.64698113208,198.1892452830189
2017,organic,WestTexNewMexico,1.674313725490196,18022.18411764706,2174.7245098039216,3920.157843137255,120.39509803921568
2018,conventional,Albany,1.3433333333333335,124160.87,8431.019166666667,95222.73833333334,70.38333333333334
2018,conventional,Atlanta,1.01,669620.0258333333,310602.91583333333,42127.39,1638.2708333333333
2018,conventional,BaltimoreWashington,1.3008333333333333,962241.6308333334,108742.34083333334,569914.135,4682.96
2018,conventional,Boise,1.18,98579.64333333333,45314.81416666667,4017.428333333333,10154.811666666666
2018,conventional,Boston,1.335,689923.4700000001,18944.033333333333,547556.9291666667,3186.6675
2018,conventional,BuffaloRochester,1.2466666666666668,163326.50833333333,12454.579166666668,78846.045,69.24249999999999
2018,conventional,California,1.0791666666666666,6786962.171666667,2487269.085,2293684.3208333333,119450.85333333332
2018,conventional,Charlotte,1.2491666666666668,284526.58,68993.23083333333,85908.55,5487.0925
2018,conventional,Chicago,1.4233333333333331,928028.8066666666,116404.64166666666,525172.9883333334,143757.56916666668
2018,conventional,CincinnatiDayton,0.9558333333333334,282955.6208333333,77666.40083333333,32079.355,12023.064166666663
2018,conventional,Columbus,0.9658333333333332,224555.8025,73260.0425,28451.921666666665,3299.994166666667
2018,conventional,DallasFtWorth,0.805,1487025.2616666667,732901.4049999999,246458.6733333333,6005.839166666668
2018,conventional,Denver,1.0466666666666666,958088.8133333334,181775.31500000003,265475.22833333333,13949.145833333334
2018,conventional,Detroit,1.045,475939.575,99976.53166666666,95004.7575,35226.66
2018,conventional,GrandRapids,1.3875,204567.8275,2981.3891666666664,87689.26000000001,58528.14666666667
2018,conventional,GreatLakes,1.1466666666666667,4209385.538333333,875053.2575,1294320.4258333333,383409.97
2018,conventional,HarrisburgScranton,1.2025,304497.68083333335,80024.54,136534.30916666667,147.30666666666664
2018,conventional,HartfordSpringfield,1.383333333333333,352927.98583333334,12196.184166666666,270501.155,285.8625
2018,conventional,Houston,0.7183333333333334,1634338.1725,751401.2516666666,181026.97666666668,6218.266666666666
2018,conventional,Indianapolis,0.985,231576.49916666665,60300.43916666667,54378.40833333333,8741.43
2018,conventional,Jacksonville,1.1925,221285.3241666667,123986.68166666666,13230.305,448.77583333333337
2018,conventional,LasVegas,1.0558333333333334,364147.2025,75961.46166666667,117421.1825,6575.9975
2018,conventional,LosAngeles,1.0225,3068403.154166667,1281441.9025,492859.1125,79644.6725
2018,conventional,Louisville,1.0491666666666666,118761.755,24051.99166666667,32726.01,329.75333333333333
2018,conventional,MiamiFtLauderdale,1.235,802744.8783333334,550459.6541666667,69218.15166666666,2099.005
2018,conventional,Midsouth,1.1558333333333333,3843180.721666666,910914.725,1369259.4808333332,25748.206666666665
2018,conventional,Nashville,0.9591666666666666,284750.30583333335,131790.45916666667,12932.8825,380.865
2018,conventional,NewOrleansMobile,1.024166666666667,331148.14166666666,198806.82166666663,25594.221666666668,2339.9008333333336
2018,conventional,NewYork,1.3541666666666667,1838477.4833333327,75154.63166666667,1181468.1058333332,1089.6583333333333
2018,conventional,Northeast,1.3041666666666667,5187622.985,407631.9175,3332125.526666667,9611.4675
2018,conventional,NorthernNewEngland,1.2958333333333334,527980.4433333334,24884.943333333333,426394.0958333334,2145.833333333333
2018,conventional,Orlando,1.1991666666666667,483875.7766666667,311696.44666666666,33372.11666666667,1357.513333333333
2018,conventional,Philadelphia,1.2975,513486.0466666666,58872.8325,271001.72500000003,354.2108333333333
2018,conventional,PhoenixTucson,0.6825,1485173.370833333,787220.9241666667,278824.25333333336,13727.131666666666
2018,conventional,Pittsburgh,1.1625,145138.83,50634.857500000006,21305.998333333333,1658.8491666666666
2018,conventional,Plains,1.1108333333333331,2267324.985,1016709.4775,579159.0725,7735.099999999999
2018,conventional,Portland,1.1133333333333333,672021.235,79032.3275,260208.47666666663,16663.794166666667
2018,conventional,RaleighGreensboro,1.1941666666666666,381454.3541666667,97938.29916666668,115123.895,5358.97
2018,conventional,RichmondNorfolk,1.0791666666666666,316144.1425,79937.28416666666,99016.17583333334,1791.3191666666664
2018,conventional,Roanoke,1.0016666666666667,199065.7875,50027.025833333326,45284.72,237.07083333333333
2018,conventional,Sacramento,1.1558333333333333,563378.0141666667,169467.28333333333,310698.7975,1016.5766666666668
2018,conventional,SanDiego,1.1191666666666666,536471.7408333333,182087.52,169114.77333333337,17675.5675
2018,conventional,SanFrancisco,1.1908333333333332,1054781.565,273679.1883333333,630724.9341666667,2593.6541666666667
2018,conventional,Seattle,1.3266666666666669,583075.0166666667,110798.83583333332,172367.23750000002,840.7891666666668
2018,conventional,SouthCarolina,1.1458333333333333,469604.4241666666,214260.24666666667,74954.0275,3733.335833333333
2018,conventional,SouthCentral,0.8058333333333333,7465557.035,3679851.1808333336,1079829.2233333334,31443.9225
2018,conventional,Southeast,1.1466666666666667,4914055.2716666665,2838054.3491666666,404594.0516666667,17135.44
2018,conventional,Spokane,1.1666666666666667,97424.24083333332,24498.3675,28358.305000000004,513.89
2018,conventional,StLouis,1.1841666666666668,203809.75250000003,97616.45416666666,8609.725833333334,456.165
2018,conventional,Syracuse,1.2583333333333333,81560.8275,6484.3775,47190.71666666667,82.99583333333334
2018,conventional,Tampa,1.2091666666666667,545088.6341666667,349467.05083333334,44798.6375,1190.9775
2018,conventional,TotalUS,1.06,42125533.3525,14671070.777499998,12235496.803333333,709650.6933333334
2018,conventional,West,0.9808333333333332,7451444.618333333,2455586.783333333,1882524.7066666668,115115.73666666668
2018,conventional,WestTexNewMexico,0.8574999999999999,966639.1933333334,469221.255,191875.6875,9927.879166666668
2018,organic,Albany,1.528333333333333,4337.9775,547.4683333333334,327.78000000000003,0.0
2018,organic,Atlanta,1.5675,16331.845,454.0533333333333,4494.3275,0.0
2018,organic,BaltimoreWashington,1.455833333333333,51000.285833333335,1671.559166666667,8313.9125,90.39083333333332
2018,organic,Boise,1.805,2650.320833333333,68.93916666666667,798.5733333333334,0.0
2018,organic,Boston,1.8183333333333331,29827.02666666667,18.8325,2209.2575,0.6108333333333333
2018,organic,BuffaloRochester,1.205833333333333,13658.328333333331,465.265,155.68333333333334,0.0
2018,organic,California,1.7433333333333334,191480.24,34258.40083333333,70162.09916666667,0.6733333333333333
2018,organic,Charlotte,1.715833333333333,14297.553333333335,22.631666666666664,6116.281666666667,225.5608333333333
2018,organic,Chicago,1.7,39823.8275,331.6725,29595.454166666663,0.0
2018,organic,CincinnatiDayton,1.5958333333333332,16901.653333333332,736.2533333333332,5808.6658333333335,0.0
2018,organic,Columbus,1.3775000000000002,12435.864166666666,695.3249999999999,2764.8975,0.0
2018,organic,DallasFtWorth,1.4008333333333332,27286.849166666667,4933.775000000001,673.6866666666666,0.0
2018,organic,Denver,1.515,29023.97,7216.069166666667,684.4566666666666,34.82666666666667
2018,organic,Detroit,1.3108333333333333,25973.5375,891.3133333333334,5595.971666666667,0.1175
2018,organic,GrandRapids,1.2691666666666668,9554.116666666669,26.043333333333333,1885.309166666667,0.0
2018,organic,GreatLakes,1.41,220670.9591666667,5621.341666666667,62923.85999999999,0.6858333333333334
2018,organic,HarrisburgScranton,1.4708333333333332,20653.305833333336,671.0675,509.235,13.606666666666667
2018,organic,HartfordSpringfield,1.971666666666667,21050.40166666667,316.5541666666667,12133.028333333334,3.375
2018,organic,Houston,1.3658333333333337,30871.586666666662,8027.419166666667,105.19333333333331,0.0
2018,organic,Indianapolis,1.3516666666666666,10813.0675,273.7775,1732.7258333333332,0.0
2018,organic,Jacksonville,1.7208333333333332,4415.037499999999,110.20833333333331,781.1608333333334,3.249166666666667
2018,organic,LasVegas,1.731666666666667,10322.089166666668,1453.9683333333332,1909.1666666666667,0.0
2018,organic,LosAngeles,1.6808333333333332,102628.31166666666,12464.504166666666,29527.736666666668,0.0
2018,organic,Louisville,1.4866666666666666,3868.3291666666655,2.9966666666666666,1129.3541666666667,0.0
2018,organic,MiamiFtLauderdale,1.4533333333333334,9040.174166666666,211.79,471.21,0.0
2018,organic,Midsouth,1.5608333333333333,182935.28166666665,3379.385,46842.21,780.0058333333333
2018,organic,Nashville,1.4858333333333331,7945.806666666666,41.60833333333333,2146.429166666667,0.0
2018,organic,NewOrleansMobile,1.3841666666666663,7515.2475,316.535,147.21166666666667,0.0
2018,organic,NewYork,1.795,138960.4475,21394.78833333333,57219.025,310.91416666666663
2018,organic,Northeast,1.6441666666666668,339338.41833333333,33618.215833333335,86436.07333333333,297.935
2018,organic,NorthernNewEngland,1.5466666666666666,25033.6025,5.8175,402.9125,0.0
2018,organic,Orlando,1.51,9035.804166666669,204.425,911.8425,0.0
2018,organic,Philadelphia,1.6,33783.69666666666,4475.8,8412.086666666668,7.471666666666667
2018,organic,PhoenixTucson,1.6275000000000002,15893.756666666668,2779.275,2784.846666666667,0.0
2018,organic,Pittsburgh,1.3883333333333334,13321.146666666667,1066.775,21.363333333333333,0.0
2018,organic,Plains,1.6083333333333334,68347.76166666667,3994.8225,17477.441666666666,6.956666666666666
2018,organic,Portland,1.6791666666666665,27794.63666666667,2508.0366666666664,5532.184166666667,1.99
2018,organic,RaleighGreensboro,1.8758333333333328,17620.2525,115.62833333333332,5985.45,161.63666666666668
2018,organic,RichmondNorfolk,1.3908333333333334,16757.779166666667,420.7625,3469.125,79.83083333333333
2018,organic,Roanoke,1.57,8498.370833333332,173.5675,2066.0916666666667,0.0
2018,organic,Sacramento,1.788333333333333,8934.465833333334,2412.0016666666666,3661.295,0.0
2018,organic,SanDiego,1.836666666666667,19682.466666666667,1645.03,10514.715833333334,0.0
2018,organic,SanFrancisco,1.9083333333333328,27156.7075,11251.395,10752.649166666666,0.0
2018,organic,Seattle,1.5833333333333333,78682.84583333334,1350.434166666667,24741.755833333333,54.07416666666666
2018,organic,SouthCarolina,1.3908333333333334,16735.6875,149.0625,4525.150000000001,96.52833333333332
2018,organic,SouthCentral,1.403333333333333,143085.42166666666,26176.2675,4591.94,2.5383333333333336
2018,organic,Southeast,1.4591666666666665,109650.60666666667,1915.2941666666663,18765.58583333333,127.245
2018,organic,Spokane,1.6833333333333331,4733.548333333333,260.5841666666667,1602.2016666666666,0.1841666666666666
2018,organic,StLouis,1.7474999999999998,7661.913333333334,1335.2316666666668,1409.1916666666666,1.0308333333333333
2018,organic,Syracuse,1.2425,5688.144166666666,143.62166666666667,101.04166666666669,0.0
2018,organic,Tampa,1.4525,8415.949166666667,125.27083333333331,610.0783333333334,0.0
2018,organic,TotalUS,1.5541666666666665,1510487.8324999998,137640.345,360420.295,1407.1058333333333
2018,organic,West,1.6133333333333333,254979.1325,28676.619166666667,53221.08583333334,191.06583333333333
2018,organic,WestTexNewMexico,1.6450000000000002,16762.538333333334,1918.2608333333333,2275.085,140.70083333333335
